Price,Location,Property Type,Area,Posted Date
₹7.80 Cr₹12000 per sqft,N/A,Super Area6500 sqftUnder ConstructionPoss. by Jun '26TransactionNew PropertyBathroom1,N/A,N/A
₹1.58 Cr₹8217 per sqft,N/A,Super Area1930 sqftUnder ConstructionPoss. by Oct '28TransactionNew PropertyFurnishingUnfurnishedBathroom3Balcony1,N/A,N/A
₹4.52 Cr₹13755 per sqft,N/A,Super Area3287 sqftUnder ConstructionPoss. by Oct '28TransactionNew PropertyFurnishingUnfurnishedBathroom3Balcony2,N/A,N/A
₹1.07 Cr₹5903 per sqft,N/A,Super Area1823 sqftUnder ConstructionPoss. by Dec '28TransactionNew PropertyFurnishingUnfurnishedBathroom3Balcony2,N/A,N/A
₹5.74 Cr₹11500 per sqft,N/A,Super Area4999 sqftUnder ConstructionPoss. by May '26TransactionNew PropertyFurnishingUnfurnishedBathroom5Balcony4,N/A,N/A
₹50.6 Lac₹2556 per sqft,N/A,Plot Area220 sqyrdTransactionNew Property,N/A,N/A
₹73.4 Lac₹2222 per sqft,N/A,Plot Area367 sqyrdTransactionNew Property,N/A,N/A
₹73 Lac₹4399 per sqft,N/A,Super Area1660 sqftTransactionNew PropertyFurnishingUnfurnishedBathroom3Balcony3,N/A,N/A
₹3.74 Cr₹9483 per sqft,N/A,Super Area3950 sqftUnder ConstructionPoss. by Nov '29TransactionNew PropertyFurnishingUnfurnishedBathroom4Balcony2,N/A,N/A
₹1.15 Cr₹5456 per sqft,N/A,Super Area2114 sqftUnder ConstructionPoss. by Dec '26TransactionNew PropertyFurnishingUnfurnishedBathroom3Balcony1,N/A,N/A
₹38.2 Lac₹1556 per sqft,N/A,Plot Area273 sqyrdUnder ConstructionPoss. by May '27TransactionNew Property,N/A,N/A
₹3.04 Cr₹7899 per sqft,N/A,Super Area3855 sqftUnder ConstructionPoss. by Jun '27TransactionNew PropertyFurnishingUnfurnishedBathroom4Balcony2,N/A,N/A
₹1.41 Cr₹7499 per sqft,N/A,Carpet Area1445 sqftUnder ConstructionPoss. by Jul '27TransactionNew PropertyFurnishingUnfurnishedBathroom3Balcony1,N/A,N/A
₹1.23 Cr₹8188 per sqft,N/A,Super Area1509 sqftUnder ConstructionPoss. by Dec '26TransactionNew PropertyFurnishingUnfurnishedBathroom3Balcony2,N/A,N/A
₹1.72 Cr₹8999 per sqft,N/A,Super Area1920 sqftUnder ConstructionPoss. by Dec '28TransactionNew PropertyFurnishingUnfurnishedCar Parking1 CoveredBathroom3,N/A,N/A
₹1.89 Cr₹8188 per sqft,N/A,Super Area2309 sqftUnder ConstructionPoss. by Dec '26TransactionNew PropertyFurnishingUnfurnishedBathroom3Balcony2,N/A,N/A
₹5 Cr₹9987 per sqft,N/A,Super Area5015 sqftUnder ConstructionPoss. by Dec '29TransactionNew PropertyFurnishingUnfurnishedBathroom5Balcony4,N/A,N/A
₹1.76 Cr₹7999 per sqft,N/A,Super Area2210 sqftUnder ConstructionPoss. by Jun '30TransactionNew PropertyFurnishingUnfurnishedBathroom3Balcony2,N/A,N/A
₹7.54 Cr₹13969 per sqft,N/A,Super Area5400 sqftUnder ConstructionPoss. by Aug '28TransactionNew PropertyFurnishingUnfurnishedBathroom4Balcony3,N/A,N/A
₹1.48 Cr₹8775 per sqft,N/A,Super Area1697 sqftUnder ConstructionPoss. by Apr '27TransactionNew PropertyFurnishingUnfurnishedBathroom3Balcony1,N/A,N/A
₹3 Cr₹11400 per sqft,N/A,Super Area2632 sqftUnder ConstructionPoss. by Dec '30TransactionNew PropertyFurnishingUnfurnishedBathroom4Balcony2,N/A,N/A
₹2.72 Cr₹10249 per sqft,N/A,Super Area2655 sqftUnder ConstructionPoss. by Mar '30TransactionNew PropertyFurnishingUnfurnishedBathroom3Balcony2,N/A,N/A
₹11.62 Cr₹11500 per sqft,N/A,"Super Area10,111 sqftUnder ConstructionPoss. by Oct '27TransactionNew PropertyFurnishingUnfurnishedBathroom4Balcony3",N/A,N/A
₹1.20 Cr₹6499 per sqft,N/A,Super Area1860 sqftUnder ConstructionPoss. by Nov '27TransactionNew PropertyFurnishingUnfurnishedBathroom3Balcony2,N/A,N/A
₹54.8 Lac₹2256 per sqft,N/A,Plot Area270 sqyrdUnder ConstructionPoss. by Mar '27TransactionNew Property,N/A,N/A
₹1.73 Cr₹7599 per sqft,N/A,Super Area2278 sqftUnder ConstructionPoss. by Jun '28TransactionNew PropertyFurnishingUnfurnishedBathroom3Balcony1,N/A,N/A
₹5.61 Cr₹10499 per sqft,N/A,Super Area5350 sqftUnder ConstructionPoss. by Apr '30TransactionNew PropertyFurnishingUnfurnishedBathroom4Balcony3,N/A,N/A
₹64.3 Lac₹4550 per sqft,N/A,Super Area1412 sqftUnder ConstructionPoss. by Oct '26TransactionNew PropertyFurnishingUnfurnishedBathroom2Balcony2,N/A,N/A
₹2.89 Cr₹14144 per sqft,N/A,Carpet Area1361 sqftUnder ConstructionPoss. by Sep '26TransactionNew PropertyFurnishingUnfurnishedBathroom3Balcony2,N/A,N/A
₹2.92 Cr₹9500 per sqft,N/A,Super Area3075 sqftUnder ConstructionPoss. by Aug '30TransactionNew PropertyFurnishingUnfurnishedCar Parking1 OpenBathroom4Balcony2,N/A,N/A
"₹60.2 Lac₹2,222 per sqft",N/A,Plot Area301 sqyrdUnder ConstructionPoss. by Jun '28TransactionNew Property,N/A,N/A
"₹1.85 Cr₹7,999 per sqft",N/A,Super Area2320 sqftUnder ConstructionPoss. by Jun '30TransactionNew PropertyFurnishingUnfurnishedBathroom3Balcony2,N/A,N/A
"₹2.63 Cr₹7,001 per sqft",N/A,Super Area3759 sqftUnder ConstructionPoss. by Mar '28TransactionNew PropertyFurnishingUnfurnishedCar Parking1 OpenBathroom4Balcony4,N/A,N/A
"₹28.1 Lac₹1,889 per sqft",N/A,Plot Area165 sqyrdUnder ConstructionPoss. by Jul '25TransactionNew Property,N/A,N/A
"₹42.5 Lac₹1,667 per sqft",N/A,Plot Area283 sqyrdUnder ConstructionPoss. by Oct '25TransactionNew Property,N/A,N/A
"₹5.45 Cr₹17,706 per sqft",N/A,Super Area3078 sqftUnder ConstructionPoss. by Nov '29TransactionNew PropertyFurnishingUnfurnishedBathroom3Balcony2,N/A,N/A
"₹2.22 Cr₹8,100 per sqft",N/A,Super Area2750 sqftUnder ConstructionPoss. by Jun '29TransactionNew PropertyFurnishingUnfurnishedCar Parking1 OpenBathroom3Balcony2,N/A,N/A
"₹1.84 Cr₹3,333 per sqft",N/A,Plot Area614 sqyrdTransactionNew Property,N/A,N/A
"₹2.06 Cr₹8,430 per sqft",N/A,Carpet Area2009 sqftUnder ConstructionPoss. by Mar '30TransactionNew PropertyFurnishingUnfurnishedBathroom3Balcony2,N/A,N/A
"₹1.83 Cr₹7,199 per sqft",N/A,Super Area2555 sqftUnder ConstructionPoss. by Aug '30TransactionNew PropertyFurnishingUnfurnishedBathroom2Balcony2,N/A,N/A
"₹1.56 Cr₹5,499 per sqft",N/A,Super Area2842 sqftUnder ConstructionPoss. by Mar '27TransactionNew PropertyFurnishingUnfurnishedBathroom3Balcony2,N/A,N/A
"₹42.3 Lac₹1,667 per sqft",N/A,Plot Area282 sqyrdUnder ConstructionPoss. by Jul '25TransactionNew Property,N/A,N/A
"₹48.8 Lac₹2,444 per sqft",N/A,Plot Area222 sqyrdTransactionNew Property,N/A,N/A
"₹5 Cr₹9,987 per sqft",N/A,Super Area5015 sqftUnder ConstructionPoss. by Dec '29TransactionNew PropertyFurnishingUnfurnishedBathroom5Balcony4,N/A,N/A
"₹1.58 Cr₹7,699 per sqft",N/A,Super Area2060 sqftUnder ConstructionPoss. by Sep '26TransactionNew PropertyFurnishingUnfurnishedBathroom3Balcony3,N/A,N/A
"₹68 Lac₹2,444 per sqft",N/A,Plot Area309 sqyrdTransactionNew Property,N/A,N/A
"₹1.50 Cr₹2,778 per sqft",N/A,Plot Area600 sqyrdTransactionNew Property,N/A,N/A
"₹1.50 Cr₹6,476 per sqft",N/A,Super Area2330 sqftUnder ConstructionPoss. by Dec '28TransactionNew PropertyFurnishingUnfurnishedBathroom3Balcony2,N/A,N/A
"₹1.26 Cr₹8,001 per sqft",N/A,Super Area1577 sqftUnder ConstructionPoss. by Aug '26TransactionNew PropertyFurnishingUnfurnishedBathroom2Balcony2,N/A,N/A
"₹67.9 Lac₹4,600 per sqft",N/A,Super Area1475 sqftUnder ConstructionPoss. by Jul '30TransactionNew PropertyFurnishingUnfurnishedBathroom3Balcony2,N/A,N/A
"₹1.59 Cr₹6,990 per sqft",N/A,Super Area2284 sqftUnder ConstructionPoss. by Jun '27TransactionNew PropertyFurnishingUnfurnishedCar Parking1 OpenBathroom3Balcony1,N/A,N/A
"₹82 Lac₹7,700 per sqft",N/A,Super Area1065 sqftTransactionNew PropertyFurnishingUnfurnishedBathroom2Balcony1,N/A,N/A
"₹3.88 Cr₹13,755 per sqft",N/A,Super Area2825 sqftUnder ConstructionPoss. by Oct '28TransactionNew PropertyFurnishingUnfurnishedBathroom3Balcony2,N/A,N/A
"₹2.90 Cr₹11,400 per sqft",N/A,Super Area2547 sqftUnder ConstructionPoss. by Dec '30TransactionNew PropertyFurnishingUnfurnishedBathroom4Balcony2,N/A,N/A
"₹2.76 Cr₹7,099 per sqft",N/A,Super Area3900 sqftUnder ConstructionPoss. by Apr '26TransactionNew PropertyFurnishingUnfurnishedCar Parking1 OpenBathroom4Balcony1,N/A,N/A
"₹30 Lac₹1,111 per sqft",N/A,Plot Area300 sqyrdUnder ConstructionPoss. by Jun '25TransactionNew Property,N/A,N/A
"₹2.12 Cr₹7,611 per sqft",N/A,Super Area2790 sqftUnder ConstructionPoss. by Sep '29TransactionNew PropertyFurnishingUnfurnishedBathroom3Balcony2,N/A,N/A
"₹51.5 Lac₹1,667 per sqft",N/A,Plot Area343 sqyrdUnder ConstructionPoss. by Sep '30TransactionNew Property,N/A,N/A
"₹84 Lac₹2,333 per sqft",N/A,Plot Area400 sqyrdTransactionNew Property,N/A,N/A
"₹2 Cr₹7,900 per sqft",N/A,Super Area2537 sqftUnder ConstructionPoss. by Oct '27TransactionNew PropertyFurnishingUnfurnishedBathroom3Balcony2,N/A,N/A
"₹1.25 Cr₹3,472 per sqft",N/A,Plot Area400 sqyrdUnder ConstructionPoss. by Jul '28TransactionNew Property,N/A,N/A
"₹22.8 Lac₹1,656 per sqft",N/A,Plot Area1377 sqftTransactionNew Property,N/A,N/A
"₹1.21 Cr₹6,999 per sqft",N/A,Super Area1730 sqftUnder ConstructionPoss. by Aug '28TransactionNew PropertyFurnishingUnfurnishedBathroom3Balcony2,N/A,N/A
"₹1.28 Cr₹8,699 per sqft",N/A,Super Area1475 sqftUnder ConstructionPoss. by Aug '27TransactionNew PropertyFurnishingUnfurnishedBathroom2,N/A,N/A
"₹93.6 Lac₹2,889 per sqft",N/A,Plot Area360 sqyrdTransactionNew Property,N/A,N/A
"₹1.71 Cr₹7,599 per sqft",N/A,Super Area2260 sqftUnder ConstructionPoss. by Dec '26TransactionNew PropertyFurnishingUnfurnishedCar Parking2 CoveredBathroom3,N/A,N/A
"₹5.27 Cr₹7,999 per sqft",N/A,Super Area6595 sqftUnder ConstructionPoss. by Dec '28TransactionNew PropertyFurnishingUnfurnishedCar Parking1 CoveredBathroom4,N/A,N/A
"₹60.4 Lac₹2,111 per sqft",N/A,Plot Area318 sqyrdTransactionNew Property,N/A,N/A
₹33 Lac₹916 per sqft,N/A,Plot Area400 sqyrdTransactionNew Property,N/A,N/A
"₹92.7 Lac₹6,999 per sqft",N/A,Super Area1325 sqftUnder ConstructionPoss. by Dec '26TransactionNew PropertyFurnishingUnfurnishedBathroom2,N/A,N/A
"₹71.8 Lac₹6,244 per sqft",N/A,Super Area1150 sqftStatusReady to MoveTransactionNew PropertyFurnishingUnfurnishedBathroom2,N/A,N/A
"₹63 Lac₹5,478 per sqft",N/A,Super Area1150 sqftStatusReady to MoveTransactionNew PropertyFurnishingUnfurnishedCar Parking1 CoveredBathroom2,N/A,N/A
"₹1.14 Cr₹5,393 per sqft",N/A,Super Area2114 sqftUnder ConstructionPoss. by Dec '26TransactionNew PropertyFurnishingUnfurnishedCar Parking1 CoveredBathroom3,N/A,N/A
"₹91 Lac₹2,889 per sqft",N/A,Plot Area350 sqyrdTransactionNew Property,N/A,N/A
"₹3.59 Cr₹11,999 per sqft",N/A,Super Area3000 sqftUnder ConstructionPoss. by Jan '27TransactionNew PropertyBathroom4Balcony2,N/A,N/A
"₹1.02 Cr₹5,667 per sqft",N/A,Super Area1800 sqftTransactionNew PropertyFurnishingUnfurnishedCar Parking1 CoveredBathroom3,N/A,N/A
"₹1.09 Cr₹5,999 per sqft",N/A,Super Area1827 sqftUnder ConstructionPoss. by Sep '28TransactionNew PropertyFurnishingUnfurnishedCar Parking1 CoveredBathroom3,N/A,N/A
"₹1.28 Cr₹9,700 per sqft",N/A,Super Area1320 sqftUnder ConstructionPoss. by Jul '27TransactionNew PropertyFurnishingUnfurnishedCar Parking1 CoveredBathroom2,N/A,N/A
"₹3.99 Cr₹7,699 per sqft",N/A,Super Area5190 sqftUnder ConstructionPoss. by Jun '28TransactionNew PropertyFurnishingUnfurnishedCar Parking1 CoveredBathroom4,N/A,N/A
"₹1.19 Cr₹3,333 per sqft",N/A,Plot Area400 sqyrdTransactionNew Property,N/A,N/A
"₹1.60 Cr₹5,900 per sqft",N/A,Super Area2724 sqftUnder ConstructionPoss. by Dec '27TransactionNew PropertyFurnishingUnfurnishedCar Parking1 CoveredBathroom4,N/A,N/A
"₹1.37 Cr₹2,667 per sqft",N/A,Plot Area573 sqyrdTransactionNew Property,N/A,N/A
"₹44.2 Lac₹2,444 per sqft",N/A,Plot Area201 sqyrdTransactionNew Property,N/A,N/A
"₹19 Lac₹1,278 per sqft",N/A,Plot Area165 sqyrdTransactionNew Property,N/A,N/A
"₹1.31 Cr₹5,990 per sqft",N/A,Super Area2187 sqftUnder ConstructionPoss. by Feb '30TransactionNew PropertyFurnishingUnfurnishedBathroom3,N/A,N/A
"₹44 Lac₹2,444 per sqft",N/A,Plot Area200 sqyrdTransactionNew Property,N/A,N/A
₹32 Lac₹889 per sqft,N/A,"Plot Area400 sqyrdDimensions (L X B)18 X 22.22OwnershipFreeholdTransactionNew Propertyfloors allowed for construction6Open Sides2Width of road facing the plot12 moverlookingGarden/Park, Main RoadBoundaryYes",N/A,N/A
"₹2.73 Cr₹16,500 per sqft",N/A,Super Area1660 sqftStatusReady to MoveTransactionNew PropertyCar Parking1 Covered,N/A,N/A
"₹1.55 Cr₹7,400 per sqft",N/A,Super Area2095 sqftUnder ConstructionPoss. by Jun '27TransactionNew PropertyFurnishingUnfurnishedCar Parking1 CoveredBathroom3,N/A,N/A
"₹3.67 Cr₹10,144 per sqft",N/A,Super Area3620 sqftUnder ConstructionPoss. by Jan '28TransactionNew PropertyFurnishingUnfurnishedCar Parking1 CoveredBathroom5,N/A,N/A
₹1.96 Cr,N/A,Carpet Area1566 sqftUnder ConstructionPoss. by Dec '26TransactionNew PropertyFurnishingUnfurnishedBathroom3,N/A,N/A
"₹3.60 Cr₹13,150 per sqft",N/A,Super Area2744 sqftUnder ConstructionPoss. by Jan '28TransactionNew PropertyFurnishingUnfurnishedCar Parking1 CoveredBathroom3,N/A,N/A
"₹57.8 Lac₹4,800 per sqft",N/A,Super Area1205 sqftUnder ConstructionPoss. by Apr '26TransactionNew PropertyFurnishingUnfurnishedCar Parking1 CoveredBathroom2Balcony1,N/A,N/A
"₹40 Lac₹1,778 per sqft",N/A,"Plot Area250 sqyrdDimensions (L X B)15.99 X 15.63OwnershipPower Of AttorneyTransactionNew Propertyfloors allowed for construction3Open Sides3Width of road facing the plot60 moverlookingGarden/Park, Main RoadBoundaryYes",N/A,N/A
"₹4.50 Cr₹13,810 per sqft",N/A,Super Area3264 sqftStatusReady to MoveTransactionNew PropertyFurnishingUnfurnishedCar Parking1 CoveredBathroom4,N/A,N/A
"₹62.4 Lac₹4,999 per sqft",N/A,Super Area1248 sqftUnder ConstructionPoss. by Jun '28TransactionNew PropertyFurnishingUnfurnishedBathroom2,N/A,N/A
"₹60 Lac₹2,222 per sqft",N/A,Plot Area300 sqyrdTransactionNew Property,N/A,N/A
"₹75.9 Lac₹2,555 per sqft",N/A,Plot Area330 sqyrdTransactionNew Property,N/A,N/A
"₹3.03 Cr₹9,470 per sqft",N/A,Super Area3200 sqftUnder ConstructionPoss. by Dec '28TransactionNew PropertyFurnishingUnfurnishedCar Parking2 CoveredBathroom4,N/A,N/A
"₹63.8 Lac₹5,499 per sqft",N/A,Super Area1160 sqftStatusReady to MoveTransactionNew PropertyFurnishingUnfurnishedBathroom2,N/A,N/A
"₹3.75 Cr₹9,840 per sqft",N/A,Super Area3811 sqftUnder ConstructionPoss. by Dec '27TransactionNew PropertyFurnishingUnfurnishedCar Parking1 CoveredBathroom5,N/A,N/A
"₹1.30 Cr₹6,199 per sqft",N/A,Super Area2099 sqftUnder ConstructionPoss. by Sep '30TransactionNew PropertyFurnishingUnfurnishedCar Parking1 CoveredBathroom3,N/A,N/A
"₹61 Lac₹5,000 per sqft",N/A,Carpet Area910 sqftUnder ConstructionPoss. by Feb '26Floor2 out of 5TransactionNew PropertyFurnishingSemi-FurnishedfacingEastoverlookingGarden/ParkOwnershipFreeholdCar Parking1 CoveredBathroom2Balcony1,N/A,N/A
"₹12.69 Cr₹12,555 per sqft",N/A,"Super Area10,111 sqftUnder ConstructionPoss. by Oct '27TransactionNew PropertyFurnishingUnfurnishedCar Parking1 CoveredBathroom4",N/A,N/A
"₹1.42 Cr₹8,417 per sqft",N/A,Super Area1690 sqftUnder ConstructionPoss. by Aug '28TransactionNew PropertyFurnishingUnfurnishedBathroom3,N/A,N/A
"₹3.13 Cr₹9,911 per sqft",N/A,Super Area3160 sqftUnder ConstructionPoss. by Jun '28TransactionNew PropertyFurnishingUnfurnishedCar Parking2 CoveredBathroom3,N/A,N/A
"₹6.10 Cr₹13,692 per sqft",N/A,Super Area4455 sqftUnder ConstructionPoss. by Dec '26TransactionNew PropertyFurnishingUnfurnishedCar Parking2 CoveredBathroom4,N/A,N/A
"₹78.3 Lac₹5,000 per sqft",N/A,Super Area1565 sqftUnder ConstructionPoss. by Jun '26TransactionNew PropertyFurnishingUnfurnishedCar Parking1 CoveredBathroom3,N/A,N/A
"₹4.76 Cr₹10,999 per sqft",N/A,Super Area4330 sqftUnder ConstructionPoss. by Mar '30TransactionNew PropertyFurnishingUnfurnishedCar Parking1 CoveredBathroom4,N/A,N/A
"₹60 Lac₹3,333 per sqft",N/A,Plot Area200 sqyrdTransactionNew Property,N/A,N/A
"₹13.50 Cr₹30,000 per sqft",N/A,Carpet Area4500 sqftStatusReady to MoveTransactionNew PropertyFurnishingFurnishedfacingWestoverlookingGarden/ParkOwnershipFreeholdDimensions19.44 X 18 yrd SqyrdCar Parking2 CoveredBathroom5Balcony2,N/A,N/A
"₹1.18 Cr₹6,466 per sqft",N/A,Super Area1825 sqftUnder ConstructionPoss. by May '26TransactionNew PropertyFurnishingUnfurnishedCar Parking2 CoveredBathroom3,N/A,N/A
"₹2.58 Cr₹10,750 per sqft",N/A,Super Area2400 sqftStatusReady to MoveTransactionNew PropertyFurnishingUnfurnishedCar Parking1 CoveredBathroom4,N/A,N/A
"₹1.80 Cr₹10,170 per sqft",N/A,Super Area1770 sqftStatusReady to MoveTransactionNew PropertyFurnishingUnfurnishedBathroom2,N/A,N/A
"₹99.1 Lac₹8,105 per sqft",N/A,Super Area1223 sqftStatusReady to MoveFloor3 out of 5TransactionNew PropertyFurnishingUnfurnishedCar Parking1 CoveredBathroom2,N/A,N/A
"₹1.12 Cr₹8,058 per sqft",N/A,Super Area1390 sqftStatusReady to MoveTransactionNew PropertyFurnishingUnfurnishedBathroom2,N/A,N/A
"₹1.27 Cr₹6,999 per sqft",N/A,Super Area1815 sqftUnder ConstructionPoss. by Jan '27TransactionNew PropertyFurnishingUnfurnishedCar Parking1 CoveredBathroom3,N/A,N/A
"₹2.24 Cr₹8,149 per sqft",N/A,Super Area2751 sqftUnder ConstructionPoss. by Dec '28TransactionNew PropertyFurnishingUnfurnishedCar Parking1 CoveredBathroom4,N/A,N/A
"₹2.52 Cr₹8,222 per sqft",N/A,Super Area3065 sqftUnder ConstructionPoss. by Mar '30TransactionNew PropertyFurnishingUnfurnishedCar Parking1 CoveredBathroom4,N/A,N/A
"₹3.75 Cr₹9,494 per sqft",N/A,Super Area3950 sqftUnder ConstructionPoss. by Nov '29TransactionNew PropertyFurnishingUnfurnishedCar Parking1 CoveredBathroom4,N/A,N/A
"₹1.96 Cr₹9,500 per sqft",N/A,Super Area2064 sqftUnder ConstructionPoss. by Dec '28TransactionNew PropertyFurnishingUnfurnishedCar Parking2 CoveredBathroom3,N/A,N/A
"₹3.68 Cr₹8,100 per sqft",N/A,Super Area4554 sqftUnder ConstructionPoss. by Dec '27TransactionNew PropertyFurnishingUnfurnishedBathroom5,N/A,N/A
"₹1.94 Cr₹8,000 per sqft",N/A,Super Area2430 sqftUnder ConstructionPoss. by Jul '28Floor1 out of 36TransactionNew PropertyFurnishingFurnishedfacingNorth - EastoverlookingGarden/ParkOwnershipPower Of AttorneyCar Parking5 CoveredBathroom3Balcony3,N/A,N/A
"₹3.23 Cr₹10,971 per sqft",N/A,Carpet Area2300 sqftUnder ConstructionPoss. by Nov '27Floor19 out of 35TransactionResaleFurnishingUnfurnishedfacingEastoverlookingPoolOwnershipFreeholdCar Parking2 CoveredBathroom3Balcony3,N/A,N/A
"₹2.30 Cr₹9,384 per sqft",N/A,"Super Area2451 sqftStatusReady to MoveFloor3 out of 10TransactionNew PropertyFurnishingUnfurnishedfacingEastoverlookingPool, Garden/Park, Main RoadOwnershipFreeholdBathroom3Balcony2",N/A,N/A
"₹97.9 Lac₹7,800 per sqft",N/A,Carpet Area1255 sqftStatusReady to MoveFloor14 out of 14TransactionNew PropertyFurnishingSemi-FurnishedfacingWestoverlookingGarden/ParkOwnershipFreeholdBathroom2Balcony2,N/A,N/A
"₹2.65 Cr₹12,476 per sqft",N/A,"Super Area2124 sqftStatusReady to MoveFloor8 out of 35TransactionNew PropertyFurnishingUnfurnishedfacingEastoverlookingPool, Garden/ParkOwnershipFreeholdBathroom4Balcony1",N/A,N/A
"₹88.2 Lac₹6,300 per sqft",N/A,"Carpet Area1400 sqftStatusReady to MoveFloor1 out of 5TransactionNew PropertyFurnishingSemi-FurnishedfacingEastoverlookingGarden/Park, Main RoadOwnershipFreeholdCar Parking1 CoveredBathroom3Balcony2",N/A,N/A
"₹2 Cr₹10,101 per sqft",N/A,"Carpet Area1796 sqftUnder ConstructionPoss. by Feb '26Floor10 out of 36TransactionResaleFurnishingUnfurnishedfacingEastoverlookingGarden/Park, Main RoadOwnershipFreeholdCar Parking1 OpenBathroom3Balcony1",N/A,N/A
"₹1.35 Cr₹9,963 per sqft",N/A,Carpet Area949 sqftUnder ConstructionPoss. by May '27Floor9 out of 19TransactionResaleFurnishingUnfurnishedfacingNorth - EastoverlookingGarden/ParkOwnershipFreeholdCar Parking1 CoveredBathroom2,N/A,N/A
"₹1.25 Cr₹6,944 per sqft",N/A,Super Area1800 sqftStatusReady to MoveTransactionNew PropertyFurnishingUnfurnishedCar Parking1 CoveredBathroom3,N/A,N/A
"₹1.60 Cr₹7,185 per sqft",N/A,Carpet Area1857 sqftStatusReady to MoveFloor1 out of 5TransactionNew PropertyFurnishingSemi-FurnishedfacingSouthoverlookingMain RoadOwnershipFreeholdBathroom3Balcony2,N/A,N/A
"₹5.27 Cr₹12,800 per sqft",N/A,Super Area4120 sqftUnder ConstructionPoss. by Nov '29Floor1 out of 60TransactionNew PropertyFurnishingSemi-FurnishedCar Parking60 CoveredBathroom4Balcony1,N/A,N/A
₹54 Lac,N/A,"Carpet Area1200 sqftUnder ConstructionPoss. by Mar '27Floor2 out of 5TransactionNew PropertyFurnishingUnfurnishedfacingWestoverlookingGarden/Park, Main RoadOwnershipFreeholdBathroom2Balcony2",N/A,N/A
"₹76 Lac₹6,903 per sqft",N/A,Super Area1101 sqftUnder ConstructionPoss. by Dec '26Floor21 out of 23TransactionResaleFurnishingUnfurnishedoverlookingGarden/ParkOwnershipFreeholdCar Parking1 CoveredBathroom2Balcony2,N/A,N/A
"₹6.50 Cr₹18,571 per sqft",N/A,Super Area3500 sqftStatusReady to MoveTransactionNew PropertyFurnishingUnfurnishedfacingWestoverlookingGarden/ParkOwnershipFreeholdBathroom4Balcony2,N/A,N/A
"₹87.3 Lac₹6,465 per sqft",N/A,"Carpet Area1350 sqftStatusReady to MoveFloor12 out of 20TransactionNew PropertyFurnishingSemi-FurnishedfacingEastoverlookingGarden/Park, Pool, Main RoadOwnershipFreeholdCar Parking1 CoveredBathroom2Balcony1",N/A,N/A
"₹1.10 Cr₹6,885 per sqft",N/A,Super Area1602 sqftUnder ConstructionPoss. by Feb '28TransactionNew PropertyFurnishingUnfurnishedCar Parking2 CoveredBathroom3,N/A,N/A
"₹1.22 Cr₹7,700 per sqft",N/A,Super Area1585 sqftTransactionNew PropertyFurnishingUnfurnishedBathroom3Balcony1,N/A,N/A
"₹2.10 Cr₹10,145 per sqft",N/A,"Carpet Area1356 sqftStatusReady to MoveFloor10 out of 20TransactionResaleFurnishingUnfurnishedfacingEastoverlookingGarden/Park, Main RoadOwnershipFreeholdCar Parking2 CoveredBathroom3Balcony1",N/A,N/A
"₹1.09 Cr₹5,525 per sqft",N/A,"Carpet Area1422 sqftUnder ConstructionPoss. by Aug '27Floor10 out of 30TransactionNew PropertyFurnishingUnfurnishedfacingEastoverlookingGarden/Park, Pool, Main RoadOwnershipFreeholdCar Parking2 CoveredBathroom3Balcony2",N/A,N/A
"₹1.60 Cr₹5,590 per sqft",N/A,Carpet Area2433 sqftUnder ConstructionPoss. by Dec '26Floor7 out of 31TransactionNew PropertyFurnishingUnfurnishedfacingEastoverlookingGarden/ParkOwnershipFreeholdCar Parking3 CoveredBathroom3Balcony3,N/A,N/A
"₹1.14 Cr₹7,373 per sqft",N/A,Carpet Area1300 sqftUnder ConstructionPoss. by Dec '27Floor18 out of 42TransactionNew PropertyFurnishingUnfurnishedfacingEastoverlookingGarden/ParkOwnershipFreeholdCar Parking1 CoveredBathroom2Balcony1,N/A,N/A
"₹1.98 Cr₹7,699 per sqft",N/A,"Carpet Area2582 sqftStatusReady to MoveTransactionNew PropertyFurnishingUnfurnishedfacingEastoverlookingGarden/ParkOwnershipFreeholdCar Parking1 Covered,Bathroom5Balcony3",N/A,N/A
"₹1.53 Cr₹7,400 per sqft",N/A,Carpet Area1659 sqftUnder ConstructionPoss. by Mar '26Floor23 out of 33TransactionNew PropertyFurnishingUnfurnishedfacingWestOwnershipFreeholdCar Parking2 CoveredBathroom3Balcony3,N/A,N/A
"₹3.22 Cr₹11,891 per sqft",N/A,Carpet Area2100 sqftUnder ConstructionPoss. by Dec '28Floor5 out of 13TransactionNew PropertyFurnishingUnfurnishedfacingEastoverlookingGarden/ParkOwnershipFreeholdCar Parking3 CoveredBathroom3Balcony3,N/A,N/A
"₹1.50 Cr₹8,892 per sqft",N/A,Super Area1687 sqftUnder ConstructionPoss. by Jan '27Floor12 out of 31TransactionResaleFurnishingUnfurnishedfacingEastoverlookingMain RoadOwnershipFreeholdBathroom3Balcony1,N/A,N/A
"₹1.93 Cr₹8,200 per sqft",N/A,"Super Area2355 sqftUnder ConstructionPoss. by Dec '27Floor30 out of 42TransactionResaleFurnishingUnfurnishedfacingWestoverlookingPool, Garden/Park, Main RoadOwnershipFreeholdBathroom3Balcony2",N/A,N/A
"₹20 Cr₹23,719 per sqft",N/A,"Carpet Area7950 sqftUnder ConstructionPoss. by Mar '26TransactionNew PropertyFurnishingUnfurnishedfacingWestoverlookingPoolOwnershipFreeholdDimensions120 X 70.42 ft SqftCar Parking2 Covered,Bathroom6Balcony3",N/A,N/A
"₹1.40 Cr₹5,604 per sqft",N/A,"Carpet Area2498 sqftUnder ConstructionPoss. by Sep '26TransactionResaleFurnishingSemi-FurnishedfacingNorth - EastoverlookingGarden/Park, Main RoadOwnershipFreeholdDimensions12 X 13.92 yrd SqyrdCar Parking1 Covered,Bathroom3Balcony2",N/A,N/A
